{
  "rounds": [
    1,
    2,
    3,
    4,
    5,
    6,
    7,
    8,
    9,
    10,
    11,
    12,
    13,
    14,
    15,
    16,
    17,
    18,
    19,
    20,
    21,
    22,
    23,
    24,
    25,
    26,
    27,
    28,
    29,
    30,
    31,
    32,
    33,
    34,
    35,
    36,
    37,
    38,
    39,
    40
  ],
  "loss_A": [
    24753.135597511573,
    24031.05772117332,
    23985.38195348669,
    23958.965544524017,
    23949.429832175927,
    23944.028293185766,
    23942.35792824074,
    23936.660142686633,
    23936.31372522425,
    23936.155906394677,
    23933.632921006945,
    23931.970038519965,
    23932.472561306422,
    23931.737114800348,
    23930.873634620948,
    23930.18494104456,
    23928.93458839699,
    23928.445307978876,
    23927.99144603588,
    23927.641339337384,
    23927.16342050058,
    23925.286630135994,
    23927.379656756366,
    23927.9028817636,
    23927.412046079284,
    23925.51092755353,
    23925.350540726275,
    23925.739922417535,
    23925.72545030382,
    23925.000479239006,
    23924.390717683014,
    23924.937924985534,
    23924.608561197918,
    23923.965540002893,
    23924.505597149884,
    23924.02589699074,
    23923.896850585938,
    23923.404269748266,
    23923.488697193286,
    23923.15050817419
  ],
  "loss_B": [
    24541.518129701966,
    23806.214466236255,
    23764.85717321325,
    23746.490315755207,
    23736.253291377314,
    23732.013680917244,
    23727.37986472801,
    23724.275869864006,
    23722.35174786603,
    23720.471146195025,
    23719.74705222801,
    23718.31086335359,
    23716.745171440973,
    23716.26988389757,
    23717.185890480323,
    23715.07373046875,
    23715.323251229744,
    23714.614284939234,
    23714.7693323206,
    23714.854216399017,
    23712.995379412616,
    23712.457492404516,
    23714.038700810186,
    23713.00548864294,
    23711.775047019677,
    23711.92810510706,
    23711.707085503473,
    23710.88697193287,
    23711.717122395832,
    23712.300699869793,
    23711.0703125,
    23711.53712745949,
    23710.532018590857,
    23710.49132848669,
    23711.080005787036,
    23710.575760452837,
    23709.784211335358,
    23710.06398292824,
    23710.385172526043,
    23709.30105251736
  ],
  "avg_loss": [
    24647.32686360677,
    23918.636093704787,
    23875.11956334997,
    23852.727930139612,
    23842.841561776622,
    23838.020987051503,
    23834.868896484375,
    23830.468006275318,
    23829.33273654514,
    23828.31352629485,
    23826.68998661748,
    23825.14045093678,
    23824.608866373695,
    23824.00349934896,
    23824.029762550635,
    23822.629335756654,
    23822.128919813367,
    23821.529796459057,
    23821.38038917824,
    23821.2477778682,
    23820.079399956598,
    23818.872061270253,
    23820.709178783276,
    23820.45418520327,
    23819.59354654948,
    23818.719516330297,
    23818.528813114874,
    23818.313447175202,
    23818.721286349828,
    23818.6505895544,
    23817.730515091505,
    23818.23752622251,
    23817.570289894385,
    23817.22843424479,
    23817.79280146846,
    23817.30082872179,
    23816.840530960646,
    23816.734126338255,
    23816.936934859667,
    23816.225780345776
  ]
}